scenario,run,total_treatmentfailures,year
asaq,0,37476788,2031
asaq,1,37860700,2031
asaq,2,38403400,2031
asaq,3,38545948,2031
asaq,4,37148980,2031
asaq,5,38115336,2031
asaq,6,37849092,2031
asaq,7,37309904,2031
asaq,8,37598448,2031
asaq,9,37492692,2031
asaq,10,37843300,2031
asaq,11,37666664,2031
asaq,12,37692116,2031
asaq,13,38713836,2031
asaq,14,36437764,2031
asaq,15,37582504,2031
asaq,16,37410472,2031
asaq,17,37507920,2031
asaq,18,37609880,2031
asaq,19,37939976,2031
asaq,20,36519048,2031
asaq,21,38076600,2031
asaq,22,36934728,2031
asaq,23,37107876,2031
asaq,24,37623828,2031
asaq,25,37304328,2031
asaq,26,37285132,2031
asaq,27,37785516,2031
asaq,28,38608016,2031
asaq,29,36456448,2031
asaq,30,38286044,2031
asaq,31,37750384,2031
cycling_al_asaq_1y,0,48914608,2031
cycling_al_asaq_1y,1,52442480,2031
cycling_al_asaq_1y,2,50378804,2031
cycling_al_asaq_1y,3,49777260,2031
cycling_al_asaq_1y,4,48788240,2031
cycling_al_asaq_1y,5,49066132,2031
cycling_al_asaq_1y,6,50543928,2031
cycling_al_asaq_1y,7,49858864,2031
cycling_al_asaq_1y,8,48713784,2031
cycling_al_asaq_1y,9,50235408,2031
cycling_al_asaq_1y,10,48882812,2031
cycling_al_asaq_1y,11,51421176,2031
cycling_al_asaq_1y,12,50911368,2031
cycling_al_asaq_1y,13,49702580,2031
cycling_al_asaq_1y,14,50653808,2031
cycling_al_asaq_1y,15,50068132,2031
cycling_al_asaq_1y,16,49203168,2031
cycling_al_asaq_1y,17,51102700,2031
cycling_al_asaq_1y,18,48635676,2031
cycling_al_asaq_1y,19,49818400,2031
cycling_al_asaq_1y,20,49477660,2031
cycling_al_asaq_1y,21,51302684,2031
cycling_al_asaq_1y,22,49569624,2031
cycling_al_asaq_1y,23,48885812,2031
cycling_al_asaq_1y,24,51763976,2031
cycling_al_asaq_1y,25,49375840,2031
cycling_al_asaq_1y,26,48998636,2031
cycling_al_asaq_1y,27,50183420,2031
cycling_al_asaq_1y,28,48842456,2031
cycling_al_asaq_1y,29,49545824,2031
cycling_al_asaq_1y,30,51878880,2031
cycling_al_asaq_1y,31,51599000,2031
cycling_al_asaq_2y,0,51664200,2031
cycling_al_asaq_2y,1,52478020,2031
cycling_al_asaq_2y,2,52475164,2031
cycling_al_asaq_2y,3,50803452,2031
cycling_al_asaq_2y,4,52025588,2031
cycling_al_asaq_2y,5,51074344,2031
cycling_al_asaq_2y,6,51272244,2031
cycling_al_asaq_2y,7,51757596,2031
cycling_al_asaq_2y,8,54511900,2031
cycling_al_asaq_2y,9,53719092,2031
cycling_al_asaq_2y,10,50694256,2031
cycling_al_asaq_2y,11,51116004,2031
cycling_al_asaq_2y,12,52211376,2031
cycling_al_asaq_2y,13,52475516,2031
cycling_al_asaq_2y,14,52865148,2031
cycling_al_asaq_2y,15,51399348,2031
cycling_al_asaq_2y,16,52619724,2031
cycling_al_asaq_2y,17,51786340,2031
cycling_al_asaq_2y,18,51465040,2031
cycling_al_asaq_2y,19,52140600,2031
cycling_al_asaq_2y,20,53207492,2031
cycling_al_asaq_2y,21,50692464,2031
cycling_al_asaq_2y,22,51658656,2031
cycling_al_asaq_2y,23,52256064,2031
cycling_al_asaq_2y,24,51099648,2031
cycling_al_asaq_2y,25,52745380,2031
cycling_al_asaq_2y,26,55553292,2031
cycling_al_asaq_2y,27,52294684,2031
cycling_al_asaq_2y,28,53596736,2031
cycling_al_asaq_2y,29,51131084,2031
cycling_al_asaq_2y,30,51995492,2031
cycling_al_asaq_2y,31,51305116,2031
cycling_al_asaq_3y,0,47454520,2031
cycling_al_asaq_3y,1,47066212,2031
cycling_al_asaq_3y,2,48375500,2031
cycling_al_asaq_3y,3,47662388,2031
cycling_al_asaq_3y,4,46096112,2031
cycling_al_asaq_3y,5,47146360,2031
cycling_al_asaq_3y,6,46872280,2031
cycling_al_asaq_3y,7,48096572,2031
cycling_al_asaq_3y,8,46549380,2031
cycling_al_asaq_3y,9,47466768,2031
cycling_al_asaq_3y,10,48670428,2031
cycling_al_asaq_3y,11,47938756,2031
cycling_al_asaq_3y,12,48988944,2031
cycling_al_asaq_3y,13,47280200,2031
cycling_al_asaq_3y,14,47620072,2031
cycling_al_asaq_3y,15,47735296,2031
cycling_al_asaq_3y,16,46291152,2031
cycling_al_asaq_3y,17,46628964,2031
cycling_al_asaq_3y,18,47870244,2031
cycling_al_asaq_3y,19,48545288,2031
cycling_al_asaq_3y,20,46914224,2031
cycling_al_asaq_3y,21,49482720,2031
cycling_al_asaq_3y,22,46628964,2031
cycling_al_asaq_3y,23,48458744,2031
cycling_al_asaq_3y,24,48030008,2031
cycling_al_asaq_3y,25,48017416,2031
cycling_al_asaq_3y,26,48453408,2031
cycling_al_asaq_3y,27,46196204,2031
cycling_al_asaq_3y,28,47001964,2031
cycling_al_asaq_3y,29,46915524,2031
cycling_al_asaq_3y,30,47992160,2031
cycling_al_asaq_3y,31,47446796,2031
cycling_al_asaq_dhappq_1y,0,44175120,2031
cycling_al_asaq_dhappq_1y,1,43567988,2031
cycling_al_asaq_dhappq_1y,2,46073900,2031
cycling_al_asaq_dhappq_1y,3,46395332,2031
cycling_al_asaq_dhappq_1y,4,45594788,2031
cycling_al_asaq_dhappq_1y,5,43971028,2031
cycling_al_asaq_dhappq_1y,6,45066936,2031
cycling_al_asaq_dhappq_1y,7,45620484,2031
cycling_al_asaq_dhappq_1y,8,44333148,2031
cycling_al_asaq_dhappq_1y,9,43777144,2031
cycling_al_asaq_dhappq_1y,10,46118028,2031
cycling_al_asaq_dhappq_1y,11,47133728,2031
cycling_al_asaq_dhappq_1y,12,45746432,2031
cycling_al_asaq_dhappq_1y,13,45296372,2031
cycling_al_asaq_dhappq_1y,14,43147396,2031
cycling_al_asaq_dhappq_1y,15,44986756,2031
cycling_al_asaq_dhappq_1y,16,44812836,2031
cycling_al_asaq_dhappq_1y,17,43673028,2031
cycling_al_asaq_dhappq_1y,18,44880072,2031
cycling_al_asaq_dhappq_1y,19,46469900,2031
cycling_al_asaq_dhappq_1y,20,44717704,2031
cycling_al_asaq_dhappq_1y,21,45436412,2031
cycling_al_asaq_dhappq_1y,22,45743088,2031
cycling_al_asaq_dhappq_1y,23,44889724,2031
cycling_al_asaq_dhappq_1y,24,43512572,2031
cycling_al_asaq_dhappq_1y,25,44780612,2031
cycling_al_asaq_dhappq_1y,26,44556380,2031
cycling_al_asaq_dhappq_1y,27,43691432,2031
cycling_al_asaq_dhappq_1y,28,42972948,2031
cycling_al_asaq_dhappq_1y,29,43983512,2031
cycling_al_asaq_dhappq_1y,30,46516000,2031
cycling_al_asaq_dhappq_1y,31,44880760,2031
cycling_al_asaq_dhappq_2y,0,44146880,2031
cycling_al_asaq_dhappq_2y,1,43488056,2031
cycling_al_asaq_dhappq_2y,2,44771916,2031
cycling_al_asaq_dhappq_2y,3,43156148,2031
cycling_al_asaq_dhappq_2y,4,45797584,2031
cycling_al_asaq_dhappq_2y,5,43164388,2031
cycling_al_asaq_dhappq_2y,6,42737944,2031
cycling_al_asaq_dhappq_2y,7,43240796,2031
cycling_al_asaq_dhappq_2y,8,44924684,2031
cycling_al_asaq_dhappq_2y,9,43311516,2031
cycling_al_asaq_dhappq_2y,10,43823272,2031
cycling_al_asaq_dhappq_2y,11,45579700,2031
cycling_al_asaq_dhappq_2y,12,42938624,2031
cycling_al_asaq_dhappq_2y,13,44623556,2031
cycling_al_asaq_dhappq_2y,14,42884648,2031
cycling_al_asaq_dhappq_2y,15,43313576,2031
cycling_al_asaq_dhappq_2y,16,44882796,2031
cycling_al_asaq_dhappq_2y,17,43089064,2031
cycling_al_asaq_dhappq_2y,18,43642664,2031
cycling_al_asaq_dhappq_2y,19,44697308,2031
cycling_al_asaq_dhappq_2y,20,43160112,2031
cycling_al_asaq_dhappq_2y,21,44490948,2031
cycling_al_asaq_dhappq_2y,22,43715120,2031
cycling_al_asaq_dhappq_2y,23,42673832,2031
cycling_al_asaq_dhappq_2y,24,43416528,2031
cycling_al_asaq_dhappq_2y,25,44209724,2031
cycling_al_asaq_dhappq_2y,26,44251108,2031
cycling_al_asaq_dhappq_2y,27,43204240,2031
cycling_al_asaq_dhappq_2y,28,43963776,2031
cycling_al_asaq_dhappq_2y,29,44220088,2031
cycling_al_asaq_dhappq_2y,30,43955216,2031
cycling_al_asaq_dhappq_2y,31,44097812,2031
cycling_al_dhappq_1y,0,47517816,2031
cycling_al_dhappq_1y,1,50064272,2031
cycling_al_dhappq_1y,2,48051320,2031
cycling_al_dhappq_1y,3,49011588,2031
cycling_al_dhappq_1y,4,47709800,2031
cycling_al_dhappq_1y,5,47387428,2031
cycling_al_dhappq_1y,6,50408264,2031
cycling_al_dhappq_1y,7,48356356,2031
cycling_al_dhappq_1y,8,48342868,2031
cycling_al_dhappq_1y,9,51204792,2031
cycling_al_dhappq_1y,10,49422712,2031
cycling_al_dhappq_1y,11,47884964,2031
cycling_al_dhappq_1y,12,48185500,2031
cycling_al_dhappq_1y,13,50923824,2031
cycling_al_dhappq_1y,14,48768464,2031
cycling_al_dhappq_1y,15,47874092,2031
cycling_al_dhappq_1y,16,47104424,2031
cycling_al_dhappq_1y,17,46464260,2031
cycling_al_dhappq_1y,18,47700040,2031
cycling_al_dhappq_1y,19,50964684,2031
cycling_al_dhappq_1y,20,47243156,2031
cycling_al_dhappq_1y,21,47785704,2031
cycling_al_dhappq_1y,22,49074196,2031
cycling_al_dhappq_1y,23,47407716,2031
cycling_al_dhappq_1y,24,50504296,2031
cycling_al_dhappq_1y,25,50022720,2031
cycling_al_dhappq_1y,26,49046840,2031
cycling_al_dhappq_1y,27,47507924,2031
cycling_al_dhappq_1y,28,50386028,2031
cycling_al_dhappq_1y,29,48409992,2031
cycling_al_dhappq_1y,30,48491316,2031
cycling_al_dhappq_1y,31,48529188,2031
cycling_al_dhappq_2y,0,52702796,2031
cycling_al_dhappq_2y,1,52772888,2031
cycling_al_dhappq_2y,2,52936332,2031
cycling_al_dhappq_2y,3,53510800,2031
cycling_al_dhappq_2y,4,54471712,2031
cycling_al_dhappq_2y,5,54548064,2031
cycling_al_dhappq_2y,6,55796808,2031
cycling_al_dhappq_2y,7,52547080,2031
cycling_al_dhappq_2y,8,54487084,2031
cycling_al_dhappq_2y,9,51687088,2031
cycling_al_dhappq_2y,10,50987476,2031
cycling_al_dhappq_2y,11,53818316,2031
cycling_al_dhappq_2y,12,52286772,2031
cycling_al_dhappq_2y,13,53277476,2031
cycling_al_dhappq_2y,14,52641400,2031
cycling_al_dhappq_2y,15,55704820,2031
cycling_al_dhappq_2y,16,51194808,2031
cycling_al_dhappq_2y,17,51887612,2031
cycling_al_dhappq_2y,18,52493780,2031
cycling_al_dhappq_2y,19,52806568,2031
cycling_al_dhappq_2y,20,52899200,2031
cycling_al_dhappq_2y,21,52044084,2031
cycling_al_dhappq_2y,22,51998916,2031
cycling_al_dhappq_2y,23,54185952,2031
cycling_al_dhappq_2y,24,51788184,2031
cycling_al_dhappq_2y,25,52480860,2031
cycling_al_dhappq_2y,26,51979692,2031
cycling_al_dhappq_2y,27,53364288,2031
cycling_al_dhappq_2y,28,54292972,2031
cycling_al_dhappq_2y,29,50838636,2031
cycling_al_dhappq_2y,30,52466052,2031
cycling_al_dhappq_2y,31,52848324,2031
cycling_al_dhappq_3y,0,48757412,2031
cycling_al_dhappq_3y,1,49466528,2031
cycling_al_dhappq_3y,2,48307996,2031
cycling_al_dhappq_3y,3,51212596,2031
cycling_al_dhappq_3y,4,49367404,2031
cycling_al_dhappq_3y,5,49686960,2031
cycling_al_dhappq_3y,6,48077720,2031
cycling_al_dhappq_3y,7,50045860,2031
cycling_al_dhappq_3y,8,48522736,2031
cycling_al_dhappq_3y,9,50594156,2031
cycling_al_dhappq_3y,10,49257240,2031
cycling_al_dhappq_3y,11,48601280,2031
cycling_al_dhappq_3y,12,49022360,2031
cycling_al_dhappq_3y,13,50463788,2031
cycling_al_dhappq_3y,14,52261020,2031
cycling_al_dhappq_3y,15,52342456,2031
cycling_al_dhappq_3y,16,50221632,2031
cycling_al_dhappq_3y,17,50943208,2031
cycling_al_dhappq_3y,18,50299324,2031
cycling_al_dhappq_3y,19,48675224,2031
cycling_al_dhappq_3y,20,48411340,2031
cycling_al_dhappq_3y,21,48396592,2031
cycling_al_dhappq_3y,22,49240744,2031
cycling_al_dhappq_3y,23,50548772,2031
cycling_al_dhappq_3y,24,48336732,2031
cycling_al_dhappq_3y,25,50071504,2031
cycling_al_dhappq_3y,26,50774708,2031
cycling_al_dhappq_3y,27,50547376,2031
cycling_al_dhappq_3y,28,48587076,2031
cycling_al_dhappq_3y,29,48032536,2031
cycling_al_dhappq_3y,30,49043628,2031
cycling_al_dhappq_3y,31,48714908,2031
cycling_al_dhappq_asaq_1y,0,44331964,2031
cycling_al_dhappq_asaq_1y,1,45718404,2031
cycling_al_dhappq_asaq_1y,2,45372880,2031
cycling_al_dhappq_asaq_1y,3,43475044,2031
cycling_al_dhappq_asaq_1y,4,43634208,2031
cycling_al_dhappq_asaq_1y,5,44497968,2031
cycling_al_dhappq_asaq_1y,6,44106368,2031
cycling_al_dhappq_asaq_1y,7,46240216,2031
cycling_al_dhappq_asaq_1y,8,44399236,2031
cycling_al_dhappq_asaq_1y,9,43650936,2031
cycling_al_dhappq_asaq_1y,10,45284768,2031
cycling_al_dhappq_asaq_1y,11,43760940,2031
cycling_al_dhappq_asaq_1y,12,45316896,2031
cycling_al_dhappq_asaq_1y,13,43296600,2031
cycling_al_dhappq_asaq_1y,14,44948320,2031
cycling_al_dhappq_asaq_1y,15,45254524,2031
cycling_al_dhappq_asaq_1y,16,44771496,2031
cycling_al_dhappq_asaq_1y,17,46769680,2031
cycling_al_dhappq_asaq_1y,18,44975732,2031
cycling_al_dhappq_asaq_1y,19,44388432,2031
cycling_al_dhappq_asaq_1y,20,44210648,2031
cycling_al_dhappq_asaq_1y,21,44052556,2031
cycling_al_dhappq_asaq_1y,22,45460500,2031
cycling_al_dhappq_asaq_1y,23,44163652,2031
cycling_al_dhappq_asaq_1y,24,44341032,2031
cycling_al_dhappq_asaq_1y,25,44763464,2031
cycling_al_dhappq_asaq_1y,26,44205988,2031
cycling_al_dhappq_asaq_1y,27,44319004,2031
cycling_al_dhappq_asaq_1y,28,43695500,2031
cycling_al_dhappq_asaq_1y,29,44162112,2031
cycling_al_dhappq_asaq_1y,30,45812956,2031
cycling_al_dhappq_asaq_1y,31,45069640,2031
cycling_al_dhappq_asaq_2y,0,44063972,2031
cycling_al_dhappq_asaq_2y,1,44753976,2031
cycling_al_dhappq_asaq_2y,2,44310784,2031
cycling_al_dhappq_asaq_2y,3,44093820,2031
cycling_al_dhappq_asaq_2y,4,43968980,2031
cycling_al_dhappq_asaq_2y,5,45450380,2031
cycling_al_dhappq_asaq_2y,6,43461356,2031
cycling_al_dhappq_asaq_2y,7,44556688,2031
cycling_al_dhappq_asaq_2y,8,44939080,2031
cycling_al_dhappq_asaq_2y,9,43142124,2031
cycling_al_dhappq_asaq_2y,10,44574048,2031
cycling_al_dhappq_asaq_2y,11,43805236,2031
cycling_al_dhappq_asaq_2y,12,44991756,2031
cycling_al_dhappq_asaq_2y,13,43519956,2031
cycling_al_dhappq_asaq_2y,14,46419732,2031
cycling_al_dhappq_asaq_2y,15,44926012,2031
cycling_al_dhappq_asaq_2y,16,44247128,2031
cycling_al_dhappq_asaq_2y,17,45776132,2031
cycling_al_dhappq_asaq_2y,18,43270708,2031
cycling_al_dhappq_asaq_2y,19,44103796,2031
cycling_al_dhappq_asaq_2y,20,43465528,2031
cycling_al_dhappq_asaq_2y,21,44294492,2031
cycling_al_dhappq_asaq_2y,22,45210740,2031
cycling_al_dhappq_asaq_2y,23,45907504,2031
cycling_al_dhappq_asaq_2y,24,45875304,2031
cycling_al_dhappq_asaq_2y,25,45382908,2031
cycling_al_dhappq_asaq_2y,26,45587376,2031
cycling_al_dhappq_asaq_2y,27,44402132,2031
cycling_al_dhappq_asaq_2y,28,44459108,2031
cycling_al_dhappq_asaq_2y,29,43366524,2031
cycling_al_dhappq_asaq_2y,30,45446496,2031
cycling_al_dhappq_asaq_2y,31,45996172,2031
cycling_asaq_al_1y,0,51211208,2031
cycling_asaq_al_1y,1,48920724,2031
cycling_asaq_al_1y,2,48803476,2031
cycling_asaq_al_1y,3,48167748,2031
cycling_asaq_al_1y,4,47679580,2031
cycling_asaq_al_1y,5,48616432,2031
cycling_asaq_al_1y,6,50435416,2031
cycling_asaq_al_1y,7,48268844,2031
cycling_asaq_al_1y,8,50417204,2031
cycling_asaq_al_1y,9,47714184,2031
cycling_asaq_al_1y,10,48931940,2031
cycling_asaq_al_1y,11,48918228,2031
cycling_asaq_al_1y,12,48225716,2031
cycling_asaq_al_1y,13,49828680,2031
cycling_asaq_al_1y,14,46284576,2031
cycling_asaq_al_1y,15,47959236,2031
cycling_asaq_al_1y,16,48749636,2031
cycling_asaq_al_1y,17,49611888,2031
cycling_asaq_al_1y,18,47999820,2031
cycling_asaq_al_1y,19,48562348,2031
cycling_asaq_al_1y,20,49493744,2031
cycling_asaq_al_1y,21,50245420,2031
cycling_asaq_al_1y,22,47517132,2031
cycling_asaq_al_1y,23,48348412,2031
cycling_asaq_al_1y,24,48283336,2031
cycling_asaq_al_1y,25,48060412,2031
cycling_asaq_al_1y,26,46878300,2031
cycling_asaq_al_1y,27,48473476,2031
cycling_asaq_al_1y,28,46844096,2031
cycling_asaq_al_1y,29,50719928,2031
cycling_asaq_al_1y,30,48517508,2031
cycling_asaq_al_1y,31,50502712,2031
cycling_asaq_al_2y,0,44333748,2031
cycling_asaq_al_2y,1,44921356,2031
cycling_asaq_al_2y,2,45676084,2031
cycling_asaq_al_2y,3,44823900,2031
cycling_asaq_al_2y,4,43642192,2031
cycling_asaq_al_2y,5,44423432,2031
cycling_asaq_al_2y,6,43863884,2031
cycling_asaq_al_2y,7,44422536,2031
cycling_asaq_al_2y,8,44519796,2031
cycling_asaq_al_2y,9,44873968,2031
cycling_asaq_al_2y,10,44743864,2031
cycling_asaq_al_2y,11,45008624,2031
cycling_asaq_al_2y,12,46757128,2031
cycling_asaq_al_2y,13,45313120,2031
cycling_asaq_al_2y,14,43994968,2031
cycling_asaq_al_2y,15,44016996,2031
cycling_asaq_al_2y,16,45579412,2031
cycling_asaq_al_2y,17,46055420,2031
cycling_asaq_al_2y,18,44236288,2031
cycling_asaq_al_2y,19,45828940,2031
cycling_asaq_al_2y,20,44807664,2031
cycling_asaq_al_2y,21,43737020,2031
cycling_asaq_al_2y,22,44149808,2031
cycling_asaq_al_2y,23,46151708,2031
cycling_asaq_al_2y,24,47055444,2031
cycling_asaq_al_2y,25,44854108,2031
cycling_asaq_al_2y,26,43978508,2031
cycling_asaq_al_2y,27,43582820,2031
cycling_asaq_al_2y,28,42264844,2031
cycling_asaq_al_2y,29,44502536,2031
cycling_asaq_al_2y,30,43313872,2031
cycling_asaq_al_2y,31,46494452,2031
cycling_asaq_al_3y,0,48908240,2031
cycling_asaq_al_3y,1,47972256,2031
cycling_asaq_al_3y,2,49830996,2031
cycling_asaq_al_3y,3,48477068,2031
cycling_asaq_al_3y,4,46932516,2031
cycling_asaq_al_3y,5,50732252,2031
cycling_asaq_al_3y,6,49900764,2031
cycling_asaq_al_3y,7,48342856,2031
cycling_asaq_al_3y,8,48823648,2031
cycling_asaq_al_3y,9,49747364,2031
cycling_asaq_al_3y,10,49121024,2031
cycling_asaq_al_3y,11,50905496,2031
cycling_asaq_al_3y,12,47226520,2031
cycling_asaq_al_3y,13,49067864,2031
cycling_asaq_al_3y,14,47898976,2031
cycling_asaq_al_3y,15,47949804,2031
cycling_asaq_al_3y,16,49457728,2031
cycling_asaq_al_3y,17,50763196,2031
cycling_asaq_al_3y,18,49801304,2031
cycling_asaq_al_3y,19,49620424,2031
cycling_asaq_al_3y,20,49745472,2031
cycling_asaq_al_3y,21,47876324,2031
cycling_asaq_al_3y,22,50012076,2031
cycling_asaq_al_3y,23,50209884,2031
cycling_asaq_al_3y,24,48764704,2031
cycling_asaq_al_3y,25,49983792,2031
cycling_asaq_al_3y,26,49542820,2031
cycling_asaq_al_3y,27,47344332,2031
cycling_asaq_al_3y,28,50715920,2031
cycling_asaq_al_3y,29,47716184,2031
cycling_asaq_al_3y,30,47843600,2031
cycling_asaq_al_3y,31,49267680,2031
cycling_asaq_al_dhappq_1y,0,47958648,2031
cycling_asaq_al_dhappq_1y,1,46286308,2031
cycling_asaq_al_dhappq_1y,2,45797676,2031
cycling_asaq_al_dhappq_1y,3,46040432,2031
cycling_asaq_al_dhappq_1y,4,44601012,2031
cycling_asaq_al_dhappq_1y,5,45108596,2031
cycling_asaq_al_dhappq_1y,6,44773452,2031
cycling_asaq_al_dhappq_1y,7,45044572,2031
cycling_asaq_al_dhappq_1y,8,44599864,2031
cycling_asaq_al_dhappq_1y,9,43655820,2031
cycling_asaq_al_dhappq_1y,10,45785228,2031
cycling_asaq_al_dhappq_1y,11,45421740,2031
cycling_asaq_al_dhappq_1y,12,44909304,2031
cycling_asaq_al_dhappq_1y,13,45541684,2031
cycling_asaq_al_dhappq_1y,14,46317208,2031
cycling_asaq_al_dhappq_1y,15,44948204,2031
cycling_asaq_al_dhappq_1y,16,45275232,2031
cycling_asaq_al_dhappq_1y,17,46643148,2031
cycling_asaq_al_dhappq_1y,18,45434556,2031
cycling_asaq_al_dhappq_1y,19,45179480,2031
cycling_asaq_al_dhappq_1y,20,47495640,2031
cycling_asaq_al_dhappq_1y,21,45401904,2031
cycling_asaq_al_dhappq_1y,22,44733092,2031
cycling_asaq_al_dhappq_1y,23,44246364,2031
cycling_asaq_al_dhappq_1y,24,45807148,2031
cycling_asaq_al_dhappq_1y,25,47246092,2031
cycling_asaq_al_dhappq_1y,26,46815380,2031
cycling_asaq_al_dhappq_1y,27,46239124,2031
cycling_asaq_al_dhappq_1y,28,47990052,2031
cycling_asaq_al_dhappq_1y,29,46609148,2031
cycling_asaq_al_dhappq_1y,30,44377880,2031
cycling_asaq_al_dhappq_1y,31,44974040,2031
cycling_asaq_al_dhappq_2y,0,44543984,2031
cycling_asaq_al_dhappq_2y,1,45812316,2031
cycling_asaq_al_dhappq_2y,2,43477344,2031
cycling_asaq_al_dhappq_2y,3,45338168,2031
cycling_asaq_al_dhappq_2y,4,44058152,2031
cycling_asaq_al_dhappq_2y,5,44242308,2031
cycling_asaq_al_dhappq_2y,6,46453440,2031
cycling_asaq_al_dhappq_2y,7,45393416,2031
cycling_asaq_al_dhappq_2y,8,45275924,2031
cycling_asaq_al_dhappq_2y,9,43455944,2031
cycling_asaq_al_dhappq_2y,10,44326844,2031
cycling_asaq_al_dhappq_2y,11,43333792,2031
cycling_asaq_al_dhappq_2y,12,46531540,2031
cycling_asaq_al_dhappq_2y,13,44133316,2031
cycling_asaq_al_dhappq_2y,14,43680796,2031
cycling_asaq_al_dhappq_2y,15,45594828,2031
cycling_asaq_al_dhappq_2y,16,46700696,2031
cycling_asaq_al_dhappq_2y,17,46935476,2031
cycling_asaq_al_dhappq_2y,18,44035932,2031
cycling_asaq_al_dhappq_2y,19,46558096,2031
cycling_asaq_al_dhappq_2y,20,43913852,2031
cycling_asaq_al_dhappq_2y,21,42697476,2031
cycling_asaq_al_dhappq_2y,22,44679052,2031
cycling_asaq_al_dhappq_2y,23,44939488,2031
cycling_asaq_al_dhappq_2y,24,43547812,2031
cycling_asaq_al_dhappq_2y,25,45998056,2031
cycling_asaq_al_dhappq_2y,26,44164160,2031
cycling_asaq_al_dhappq_2y,27,45405204,2031
cycling_asaq_al_dhappq_2y,28,45745764,2031
cycling_asaq_al_dhappq_2y,29,45349936,2031
cycling_asaq_al_dhappq_2y,30,45226088,2031
cycling_asaq_al_dhappq_2y,31,46216776,2031
cycling_asaq_dhappq_1y,0,39719684,2031
cycling_asaq_dhappq_1y,1,38175904,2031
cycling_asaq_dhappq_1y,2,39462144,2031
cycling_asaq_dhappq_1y,3,38473068,2031
cycling_asaq_dhappq_1y,4,39201068,2031
cycling_asaq_dhappq_1y,5,38244776,2031
cycling_asaq_dhappq_1y,6,39851660,2031
cycling_asaq_dhappq_1y,7,40273820,2031
cycling_asaq_dhappq_1y,8,40118624,2031
cycling_asaq_dhappq_1y,9,38651612,2031
cycling_asaq_dhappq_1y,10,38817244,2031
cycling_asaq_dhappq_1y,11,39303568,2031
cycling_asaq_dhappq_1y,12,38409044,2031
cycling_asaq_dhappq_1y,13,39272592,2031
cycling_asaq_dhappq_1y,14,38211740,2031
cycling_asaq_dhappq_1y,15,39062140,2031
cycling_asaq_dhappq_1y,16,38836204,2031
cycling_asaq_dhappq_1y,17,39941396,2031
cycling_asaq_dhappq_1y,18,41166812,2031
cycling_asaq_dhappq_1y,19,40558608,2031
cycling_asaq_dhappq_1y,20,39550928,2031
cycling_asaq_dhappq_1y,21,38114184,2031
cycling_asaq_dhappq_1y,22,38702996,2031
cycling_asaq_dhappq_1y,23,39015840,2031
cycling_asaq_dhappq_1y,24,39135528,2031
cycling_asaq_dhappq_1y,25,38879444,2031
cycling_asaq_dhappq_1y,26,38307672,2031
cycling_asaq_dhappq_1y,27,39016176,2031
cycling_asaq_dhappq_1y,28,40254436,2031
cycling_asaq_dhappq_1y,29,38845200,2031
cycling_asaq_dhappq_1y,30,38556176,2031
cycling_asaq_dhappq_1y,31,38633812,2031
cycling_asaq_dhappq_2y,0,38368412,2031
cycling_asaq_dhappq_2y,1,36999380,2031
cycling_asaq_dhappq_2y,2,38036248,2031
cycling_asaq_dhappq_2y,3,37404680,2031
cycling_asaq_dhappq_2y,4,38293576,2031
cycling_asaq_dhappq_2y,5,37410168,2031
cycling_asaq_dhappq_2y,6,36901940,2031
cycling_asaq_dhappq_2y,7,37667768,2031
cycling_asaq_dhappq_2y,8,37311080,2031
cycling_asaq_dhappq_2y,9,37092404,2031
cycling_asaq_dhappq_2y,10,38415696,2031
cycling_asaq_dhappq_2y,11,37174672,2031
cycling_asaq_dhappq_2y,12,37271756,2031
cycling_asaq_dhappq_2y,13,36931932,2031
cycling_asaq_dhappq_2y,14,37067692,2031
cycling_asaq_dhappq_2y,15,38117024,2031
cycling_asaq_dhappq_2y,16,38575648,2031
cycling_asaq_dhappq_2y,17,36337136,2031
cycling_asaq_dhappq_2y,18,38066740,2031
cycling_asaq_dhappq_2y,19,38224688,2031
cycling_asaq_dhappq_2y,20,38880460,2031
cycling_asaq_dhappq_2y,21,39110212,2031
cycling_asaq_dhappq_2y,22,38561556,2031
cycling_asaq_dhappq_2y,23,37551636,2031
cycling_asaq_dhappq_2y,24,37309816,2031
cycling_asaq_dhappq_2y,25,36078432,2031
cycling_asaq_dhappq_2y,26,37819964,2031
cycling_asaq_dhappq_2y,27,38176224,2031
cycling_asaq_dhappq_2y,28,37169784,2031
cycling_asaq_dhappq_2y,29,37391176,2031
cycling_asaq_dhappq_2y,30,37270680,2031
cycling_asaq_dhappq_2y,31,37676220,2031
cycling_asaq_dhappq_3y,0,38642388,2031
cycling_asaq_dhappq_3y,1,38823884,2031
cycling_asaq_dhappq_3y,2,38862524,2031
cycling_asaq_dhappq_3y,3,38594044,2031
cycling_asaq_dhappq_3y,4,39613576,2031
cycling_asaq_dhappq_3y,5,38540932,2031
cycling_asaq_dhappq_3y,6,38795608,2031
cycling_asaq_dhappq_3y,7,38545592,2031
cycling_asaq_dhappq_3y,8,37902028,2031
cycling_asaq_dhappq_3y,9,37852892,2031
cycling_asaq_dhappq_3y,10,37566912,2031
cycling_asaq_dhappq_3y,11,39433732,2031
cycling_asaq_dhappq_3y,12,38800296,2031
cycling_asaq_dhappq_3y,13,40516184,2031
cycling_asaq_dhappq_3y,14,38638896,2031
cycling_asaq_dhappq_3y,15,38408844,2031
cycling_asaq_dhappq_3y,16,38810504,2031
cycling_asaq_dhappq_3y,17,39098392,2031
cycling_asaq_dhappq_3y,18,39352172,2031
cycling_asaq_dhappq_3y,19,38962996,2031
cycling_asaq_dhappq_3y,20,39819080,2031
cycling_asaq_dhappq_3y,21,39559880,2031
cycling_asaq_dhappq_3y,22,39385108,2031
cycling_asaq_dhappq_3y,23,40255092,2031
cycling_asaq_dhappq_3y,24,39967624,2031
cycling_asaq_dhappq_3y,25,38152144,2031
cycling_asaq_dhappq_3y,26,37987308,2031
cycling_asaq_dhappq_3y,27,38903992,2031
cycling_asaq_dhappq_3y,28,38550660,2031
cycling_asaq_dhappq_3y,29,39634680,2031
cycling_asaq_dhappq_3y,30,38725284,2031
cycling_asaq_dhappq_3y,31,38436868,2031
cycling_asaq_dhappq_al_1y,0,45557332,2031
cycling_asaq_dhappq_al_1y,1,46947692,2031
cycling_asaq_dhappq_al_1y,2,44123884,2031
cycling_asaq_dhappq_al_1y,3,45046044,2031
cycling_asaq_dhappq_al_1y,4,44532096,2031
cycling_asaq_dhappq_al_1y,5,45662516,2031
cycling_asaq_dhappq_al_1y,6,44350784,2031
cycling_asaq_dhappq_al_1y,7,44037020,2031
cycling_asaq_dhappq_al_1y,8,44597212,2031
cycling_asaq_dhappq_al_1y,9,44200808,2031
cycling_asaq_dhappq_al_1y,10,45010856,2031
cycling_asaq_dhappq_al_1y,11,44944372,2031
cycling_asaq_dhappq_al_1y,12,44132592,2031
cycling_asaq_dhappq_al_1y,13,45025824,2031
cycling_asaq_dhappq_al_1y,14,44111308,2031
cycling_asaq_dhappq_al_1y,15,44660668,2031
cycling_asaq_dhappq_al_1y,16,46144628,2031
cycling_asaq_dhappq_al_1y,17,44177576,2031
cycling_asaq_dhappq_al_1y,18,44047732,2031
cycling_asaq_dhappq_al_1y,19,46674552,2031
cycling_asaq_dhappq_al_1y,20,44221824,2031
cycling_asaq_dhappq_al_1y,21,45683772,2031
cycling_asaq_dhappq_al_1y,22,44037852,2031
cycling_asaq_dhappq_al_1y,23,45000748,2031
cycling_asaq_dhappq_al_1y,24,44514216,2031
cycling_asaq_dhappq_al_1y,25,46536932,2031
cycling_asaq_dhappq_al_1y,26,45199616,2031
cycling_asaq_dhappq_al_1y,27,45515808,2031
cycling_asaq_dhappq_al_1y,28,45035208,2031
cycling_asaq_dhappq_al_1y,29,46025764,2031
cycling_asaq_dhappq_al_1y,30,46918792,2031
cycling_asaq_dhappq_al_1y,31,45946552,2031
cycling_asaq_dhappq_al_2y,0,45682396,2031
cycling_asaq_dhappq_al_2y,1,44297644,2031
cycling_asaq_dhappq_al_2y,2,44812436,2031
cycling_asaq_dhappq_al_2y,3,44694524,2031
cycling_asaq_dhappq_al_2y,4,46374108,2031
cycling_asaq_dhappq_al_2y,5,45287080,2031
cycling_asaq_dhappq_al_2y,6,44885216,2031
cycling_asaq_dhappq_al_2y,7,43634588,2031
cycling_asaq_dhappq_al_2y,8,46191000,2031
cycling_asaq_dhappq_al_2y,9,48306496,2031
cycling_asaq_dhappq_al_2y,10,44318104,2031
cycling_asaq_dhappq_al_2y,11,44608164,2031
cycling_asaq_dhappq_al_2y,12,44405856,2031
cycling_asaq_dhappq_al_2y,13,43877516,2031
cycling_asaq_dhappq_al_2y,14,44905780,2031
cycling_asaq_dhappq_al_2y,15,46353640,2031
cycling_asaq_dhappq_al_2y,16,45668564,2031
cycling_asaq_dhappq_al_2y,17,43793032,2031
cycling_asaq_dhappq_al_2y,18,47005632,2031
cycling_asaq_dhappq_al_2y,19,44484192,2031
cycling_asaq_dhappq_al_2y,20,43653028,2031
cycling_asaq_dhappq_al_2y,21,45360616,2031
cycling_asaq_dhappq_al_2y,22,44858280,2031
cycling_asaq_dhappq_al_2y,23,45381252,2031
cycling_asaq_dhappq_al_2y,24,44031352,2031
cycling_asaq_dhappq_al_2y,25,46487784,2031
cycling_asaq_dhappq_al_2y,26,45586216,2031
cycling_asaq_dhappq_al_2y,27,45774752,2031
cycling_asaq_dhappq_al_2y,28,45270220,2031
cycling_asaq_dhappq_al_2y,29,45492352,2031
cycling_asaq_dhappq_al_2y,30,44803252,2031
cycling_asaq_dhappq_al_2y,31,46352080,2031
cycling_dhappq_al_1y,0,50605868,2031
cycling_dhappq_al_1y,1,51120588,2031
cycling_dhappq_al_1y,2,49216740,2031
cycling_dhappq_al_1y,3,52615172,2031
cycling_dhappq_al_1y,4,49745920,2031
cycling_dhappq_al_1y,5,50977396,2031
cycling_dhappq_al_1y,6,53303504,2031
cycling_dhappq_al_1y,7,50038364,2031
cycling_dhappq_al_1y,8,49241132,2031
cycling_dhappq_al_1y,9,51296208,2031
cycling_dhappq_al_1y,10,48668744,2031
cycling_dhappq_al_1y,11,50375716,2031
cycling_dhappq_al_1y,12,49830080,2031
cycling_dhappq_al_1y,13,49886480,2031
cycling_dhappq_al_1y,14,51286956,2031
cycling_dhappq_al_1y,15,51627916,2031
cycling_dhappq_al_1y,16,51999172,2031
cycling_dhappq_al_1y,17,50221804,2031
cycling_dhappq_al_1y,18,50107860,2031
cycling_dhappq_al_1y,19,53040528,2031
cycling_dhappq_al_1y,20,49224116,2031
cycling_dhappq_al_1y,21,50656492,2031
cycling_dhappq_al_1y,22,48392272,2031
cycling_dhappq_al_1y,23,52510356,2031
cycling_dhappq_al_1y,24,49473676,2031
cycling_dhappq_al_1y,25,50697576,2031
cycling_dhappq_al_1y,26,52577948,2031
cycling_dhappq_al_1y,27,50408004,2031
cycling_dhappq_al_1y,28,48457024,2031
cycling_dhappq_al_1y,29,50842092,2031
cycling_dhappq_al_1y,30,49870548,2031
cycling_dhappq_al_1y,31,50084060,2031
cycling_dhappq_al_2y,0,50504600,2031
cycling_dhappq_al_2y,1,51567264,2031
cycling_dhappq_al_2y,2,49419860,2031
cycling_dhappq_al_2y,3,49578460,2031
cycling_dhappq_al_2y,4,50142852,2031
cycling_dhappq_al_2y,5,50090072,2031
cycling_dhappq_al_2y,6,48985916,2031
cycling_dhappq_al_2y,7,49544984,2031
cycling_dhappq_al_2y,8,50482200,2031
cycling_dhappq_al_2y,9,50705920,2031
cycling_dhappq_al_2y,10,49888712,2031
cycling_dhappq_al_2y,11,49279600,2031
cycling_dhappq_al_2y,12,49507504,2031
cycling_dhappq_al_2y,13,48029760,2031
cycling_dhappq_al_2y,14,50519456,2031
cycling_dhappq_al_2y,15,49234388,2031
cycling_dhappq_al_2y,16,49854140,2031
cycling_dhappq_al_2y,17,49739876,2031
cycling_dhappq_al_2y,18,50172824,2031
cycling_dhappq_al_2y,19,51715092,2031
cycling_dhappq_al_2y,20,49801380,2031
cycling_dhappq_al_2y,21,49353344,2031
cycling_dhappq_al_2y,22,49339852,2031
cycling_dhappq_al_2y,23,49186580,2031
cycling_dhappq_al_2y,24,51939896,2031
cycling_dhappq_al_2y,25,51102632,2031
cycling_dhappq_al_2y,26,51313540,2031
cycling_dhappq_al_2y,27,48741876,2031
cycling_dhappq_al_2y,28,49445008,2031
cycling_dhappq_al_2y,29,48388876,2031
cycling_dhappq_al_2y,30,47920388,2031
cycling_dhappq_al_2y,31,50372116,2031
cycling_dhappq_al_3y,0,48499580,2031
cycling_dhappq_al_3y,1,51622844,2031
cycling_dhappq_al_3y,2,50772672,2031
cycling_dhappq_al_3y,3,49524092,2031
cycling_dhappq_al_3y,4,50661152,2031
cycling_dhappq_al_3y,5,50507944,2031
cycling_dhappq_al_3y,6,48526184,2031
cycling_dhappq_al_3y,7,47978400,2031
cycling_dhappq_al_3y,8,53223928,2031
cycling_dhappq_al_3y,9,52314628,2031
cycling_dhappq_al_3y,10,52387944,2031
cycling_dhappq_al_3y,11,48767436,2031
cycling_dhappq_al_3y,12,49105784,2031
cycling_dhappq_al_3y,13,50199300,2031
cycling_dhappq_al_3y,14,50085512,2031
cycling_dhappq_al_3y,15,49965196,2031
cycling_dhappq_al_3y,16,49930264,2031
cycling_dhappq_al_3y,17,48453700,2031
cycling_dhappq_al_3y,18,50076888,2031
cycling_dhappq_al_3y,19,49149800,2031
cycling_dhappq_al_3y,20,50474540,2031
cycling_dhappq_al_3y,21,50269660,2031
cycling_dhappq_al_3y,22,50303252,2031
cycling_dhappq_al_3y,23,50241528,2031
cycling_dhappq_al_3y,24,48782164,2031
cycling_dhappq_al_3y,25,51311400,2031
cycling_dhappq_al_3y,26,50153124,2031
cycling_dhappq_al_3y,27,50204176,2031
cycling_dhappq_al_3y,28,50480232,2031
cycling_dhappq_al_3y,29,50127420,2031
cycling_dhappq_al_3y,30,50949796,2031
cycling_dhappq_al_3y,31,49444560,2031
cycling_dhappq_al_asaq_1y,0,47074636,2031
cycling_dhappq_al_asaq_1y,1,44798728,2031
cycling_dhappq_al_asaq_1y,2,45857876,2031
cycling_dhappq_al_asaq_1y,3,45670356,2031
cycling_dhappq_al_asaq_1y,4,46340364,2031
cycling_dhappq_al_asaq_1y,5,44798480,2031
cycling_dhappq_al_asaq_1y,6,45158604,2031
cycling_dhappq_al_asaq_1y,7,44578272,2031
cycling_dhappq_al_asaq_1y,8,47537300,2031
cycling_dhappq_al_asaq_1y,9,43676464,2031
cycling_dhappq_al_asaq_1y,10,47308240,2031
cycling_dhappq_al_asaq_1y,11,45390284,2031
cycling_dhappq_al_asaq_1y,12,43758580,2031
cycling_dhappq_al_asaq_1y,13,44730876,2031
cycling_dhappq_al_asaq_1y,14,47479620,2031
cycling_dhappq_al_asaq_1y,15,44628688,2031
cycling_dhappq_al_asaq_1y,16,44976280,2031
cycling_dhappq_al_asaq_1y,17,44892940,2031
cycling_dhappq_al_asaq_1y,18,45545752,2031
cycling_dhappq_al_asaq_1y,19,43878236,2031
cycling_dhappq_al_asaq_1y,20,45396852,2031
cycling_dhappq_al_asaq_1y,21,46395564,2031
cycling_dhappq_al_asaq_1y,22,47855136,2031
cycling_dhappq_al_asaq_1y,23,44979568,2031
cycling_dhappq_al_asaq_1y,24,45691820,2031
cycling_dhappq_al_asaq_1y,25,47028380,2031
cycling_dhappq_al_asaq_1y,26,45881280,2031
cycling_dhappq_al_asaq_1y,27,44908020,2031
cycling_dhappq_al_asaq_1y,28,46586292,2031
cycling_dhappq_al_asaq_1y,29,44467004,2031
cycling_dhappq_al_asaq_1y,30,44841008,2031
cycling_dhappq_al_asaq_1y,31,44666668,2031
cycling_dhappq_al_asaq_2y,0,44338552,2031
cycling_dhappq_al_asaq_2y,1,44609800,2031
cycling_dhappq_al_asaq_2y,2,43429036,2031
cycling_dhappq_al_asaq_2y,3,44312592,2031
cycling_dhappq_al_asaq_2y,4,44443568,2031
cycling_dhappq_al_asaq_2y,5,44796556,2031
cycling_dhappq_al_asaq_2y,6,45068044,2031
cycling_dhappq_al_asaq_2y,7,45144776,2031
cycling_dhappq_al_asaq_2y,8,44614824,2031
cycling_dhappq_al_asaq_2y,9,45240580,2031
cycling_dhappq_al_asaq_2y,10,43271076,2031
cycling_dhappq_al_asaq_2y,11,46010208,2031
cycling_dhappq_al_asaq_2y,12,45824320,2031
cycling_dhappq_al_asaq_2y,13,44898804,2031
cycling_dhappq_al_asaq_2y,14,44317480,2031
cycling_dhappq_al_asaq_2y,15,46218452,2031
cycling_dhappq_al_asaq_2y,16,44339992,2031
cycling_dhappq_al_asaq_2y,17,46084624,2031
cycling_dhappq_al_asaq_2y,18,44230100,2031
cycling_dhappq_al_asaq_2y,19,44098568,2031
cycling_dhappq_al_asaq_2y,20,45520460,2031
cycling_dhappq_al_asaq_2y,21,44732344,2031
cycling_dhappq_al_asaq_2y,22,45485256,2031
cycling_dhappq_al_asaq_2y,23,44913324,2031
cycling_dhappq_al_asaq_2y,24,43673372,2031
cycling_dhappq_al_asaq_2y,25,44712512,2031
cycling_dhappq_al_asaq_2y,26,44035016,2031
cycling_dhappq_al_asaq_2y,27,46322804,2031
cycling_dhappq_al_asaq_2y,28,44695176,2031
cycling_dhappq_al_asaq_2y,29,45030836,2031
cycling_dhappq_al_asaq_2y,30,44598212,2031
cycling_dhappq_al_asaq_2y,31,44323760,2031
cycling_dhappq_asaq_1y,0,39202508,2031
cycling_dhappq_asaq_1y,1,40494532,2031
cycling_dhappq_asaq_1y,2,40023412,2031
cycling_dhappq_asaq_1y,3,40308592,2031
cycling_dhappq_asaq_1y,4,38767172,2031
cycling_dhappq_asaq_1y,5,39587724,2031
cycling_dhappq_asaq_1y,6,39505608,2031
cycling_dhappq_asaq_1y,7,38513332,2031
cycling_dhappq_asaq_1y,8,38671488,2031
cycling_dhappq_asaq_1y,9,38985520,2031
cycling_dhappq_asaq_1y,10,38814664,2031
cycling_dhappq_asaq_1y,11,38907912,2031
cycling_dhappq_asaq_1y,12,38400920,2031
cycling_dhappq_asaq_1y,13,38994408,2031
cycling_dhappq_asaq_1y,14,40090332,2031
cycling_dhappq_asaq_1y,15,38049356,2031
cycling_dhappq_asaq_1y,16,38129588,2031
cycling_dhappq_asaq_1y,17,39811812,2031
cycling_dhappq_asaq_1y,18,39938660,2031
cycling_dhappq_asaq_1y,19,39216592,2031
cycling_dhappq_asaq_1y,20,39742928,2031
cycling_dhappq_asaq_1y,21,40968724,2031
cycling_dhappq_asaq_1y,22,39519160,2031
cycling_dhappq_asaq_1y,23,39877836,2031
cycling_dhappq_asaq_1y,24,40629768,2031
cycling_dhappq_asaq_1y,25,39811296,2031
cycling_dhappq_asaq_1y,26,39213384,2031
cycling_dhappq_asaq_1y,27,38278920,2031
cycling_dhappq_asaq_1y,28,40230816,2031
cycling_dhappq_asaq_1y,29,39917624,2031
cycling_dhappq_asaq_1y,30,39744720,2031
cycling_dhappq_asaq_1y,31,38712660,2031
cycling_dhappq_asaq_2y,0,42528500,2031
cycling_dhappq_asaq_2y,1,43193208,2031
cycling_dhappq_asaq_2y,2,42425152,2031
cycling_dhappq_asaq_2y,3,43197836,2031
cycling_dhappq_asaq_2y,4,43077804,2031
cycling_dhappq_asaq_2y,5,43484444,2031
cycling_dhappq_asaq_2y,6,41557844,2031
cycling_dhappq_asaq_2y,7,41863512,2031
cycling_dhappq_asaq_2y,8,43784368,2031
cycling_dhappq_asaq_2y,9,42298348,2031
cycling_dhappq_asaq_2y,10,42246780,2031
cycling_dhappq_asaq_2y,11,42166784,2031
cycling_dhappq_asaq_2y,12,42942244,2031
cycling_dhappq_asaq_2y,13,41539364,2031
cycling_dhappq_asaq_2y,14,42537612,2031
cycling_dhappq_asaq_2y,15,42774192,2031
cycling_dhappq_asaq_2y,16,41881332,2031
cycling_dhappq_asaq_2y,17,41865452,2031
cycling_dhappq_asaq_2y,18,41719600,2031
cycling_dhappq_asaq_2y,19,42140800,2031
cycling_dhappq_asaq_2y,20,43392844,2031
cycling_dhappq_asaq_2y,21,42496208,2031
cycling_dhappq_asaq_2y,22,42143348,2031
cycling_dhappq_asaq_2y,23,44035120,2031
cycling_dhappq_asaq_2y,24,41911052,2031
cycling_dhappq_asaq_2y,25,41513784,2031
cycling_dhappq_asaq_2y,26,41798496,2031
cycling_dhappq_asaq_2y,27,42344544,2031
cycling_dhappq_asaq_2y,28,42050832,2031
cycling_dhappq_asaq_2y,29,42669380,2031
cycling_dhappq_asaq_2y,30,41893416,2031
cycling_dhappq_asaq_2y,31,42152048,2031
cycling_dhappq_asaq_3y,0,38194280,2031
cycling_dhappq_asaq_3y,1,38938312,2031
cycling_dhappq_asaq_3y,2,38974676,2031
cycling_dhappq_asaq_3y,3,38262260,2031
cycling_dhappq_asaq_3y,4,38313732,2031
cycling_dhappq_asaq_3y,5,40275472,2031
cycling_dhappq_asaq_3y,6,38708556,2031
cycling_dhappq_asaq_3y,7,38553972,2031
cycling_dhappq_asaq_3y,8,38502988,2031
cycling_dhappq_asaq_3y,9,38367700,2031
cycling_dhappq_asaq_3y,10,41176780,2031
cycling_dhappq_asaq_3y,11,37983084,2031
cycling_dhappq_asaq_3y,12,39307108,2031
cycling_dhappq_asaq_3y,13,38650644,2031
cycling_dhappq_asaq_3y,14,40480364,2031
cycling_dhappq_asaq_3y,15,38971592,2031
cycling_dhappq_asaq_3y,16,38842836,2031
cycling_dhappq_asaq_3y,17,38982180,2031
cycling_dhappq_asaq_3y,18,38270660,2031
cycling_dhappq_asaq_3y,19,39269724,2031
cycling_dhappq_asaq_3y,20,38760240,2031
cycling_dhappq_asaq_3y,21,38613792,2031
cycling_dhappq_asaq_3y,22,39678876,2031
cycling_dhappq_asaq_3y,23,38113312,2031
cycling_dhappq_asaq_3y,24,39991792,2031
cycling_dhappq_asaq_3y,25,39047348,2031
cycling_dhappq_asaq_3y,26,39371700,2031
cycling_dhappq_asaq_3y,27,39718956,2031
cycling_dhappq_asaq_3y,28,39181100,2031
cycling_dhappq_asaq_3y,29,38673912,2031
cycling_dhappq_asaq_3y,30,38215548,2031
cycling_dhappq_asaq_3y,31,38369896,2031
cycling_dhappq_asaq_al_1y,0,46313756,2031
cycling_dhappq_asaq_al_1y,1,44587912,2031
cycling_dhappq_asaq_al_1y,2,45053292,2031
cycling_dhappq_asaq_al_1y,3,45086872,2031
cycling_dhappq_asaq_al_1y,4,46897556,2031
cycling_dhappq_asaq_al_1y,5,45206492,2031
cycling_dhappq_asaq_al_1y,6,44268532,2031
cycling_dhappq_asaq_al_1y,7,45307548,2031
cycling_dhappq_asaq_al_1y,8,46137336,2031
cycling_dhappq_asaq_al_1y,9,45045112,2031
cycling_dhappq_asaq_al_1y,10,46217628,2031
cycling_dhappq_asaq_al_1y,11,45832744,2031
cycling_dhappq_asaq_al_1y,12,45025636,2031
cycling_dhappq_asaq_al_1y,13,46188644,2031
cycling_dhappq_asaq_al_1y,14,45758352,2031
cycling_dhappq_asaq_al_1y,15,44805480,2031
cycling_dhappq_asaq_al_1y,16,47557220,2031
cycling_dhappq_asaq_al_1y,17,46843576,2031
cycling_dhappq_asaq_al_1y,18,44664440,2031
cycling_dhappq_asaq_al_1y,19,45612512,2031
cycling_dhappq_asaq_al_1y,20,46159132,2031
cycling_dhappq_asaq_al_1y,21,45482928,2031
cycling_dhappq_asaq_al_1y,22,45713604,2031
cycling_dhappq_asaq_al_1y,23,45805364,2031
cycling_dhappq_asaq_al_1y,24,48039900,2031
cycling_dhappq_asaq_al_1y,25,46588076,2031
cycling_dhappq_asaq_al_1y,26,44086952,2031
cycling_dhappq_asaq_al_1y,27,45682684,2031
cycling_dhappq_asaq_al_1y,28,44381296,2031
cycling_dhappq_asaq_al_1y,29,44814536,2031
cycling_dhappq_asaq_al_1y,30,44085504,2031
cycling_dhappq_asaq_al_1y,31,45082624,2031
cycling_dhappq_asaq_al_2y,0,45640332,2031
cycling_dhappq_asaq_al_2y,1,44623036,2031
cycling_dhappq_asaq_al_2y,2,45810840,2031
cycling_dhappq_asaq_al_2y,3,46894216,2031
cycling_dhappq_asaq_al_2y,4,45641588,2031
cycling_dhappq_asaq_al_2y,5,45599324,2031
cycling_dhappq_asaq_al_2y,6,44744864,2031
cycling_dhappq_asaq_al_2y,7,45159924,2031
cycling_dhappq_asaq_al_2y,8,44719348,2031
cycling_dhappq_asaq_al_2y,9,47009608,2031
cycling_dhappq_asaq_al_2y,10,45538024,2031
cycling_dhappq_asaq_al_2y,11,43394912,2031
cycling_dhappq_asaq_al_2y,12,45290544,2031
cycling_dhappq_asaq_al_2y,13,44605276,2031
cycling_dhappq_asaq_al_2y,14,43722896,2031
cycling_dhappq_asaq_al_2y,15,46089864,2031
cycling_dhappq_asaq_al_2y,16,44889948,2031
cycling_dhappq_asaq_al_2y,17,44715844,2031
cycling_dhappq_asaq_al_2y,18,45510344,2031
cycling_dhappq_asaq_al_2y,19,45277336,2031
cycling_dhappq_asaq_al_2y,20,44916284,2031
cycling_dhappq_asaq_al_2y,21,45931504,2031
cycling_dhappq_asaq_al_2y,22,44740204,2031
cycling_dhappq_asaq_al_2y,23,46433924,2031
cycling_dhappq_asaq_al_2y,24,45009632,2031
cycling_dhappq_asaq_al_2y,25,47362012,2031
cycling_dhappq_asaq_al_2y,26,44635260,2031
cycling_dhappq_asaq_al_2y,27,44661768,2031
cycling_dhappq_asaq_al_2y,28,44418720,2031
cycling_dhappq_asaq_al_2y,29,45557288,2031
cycling_dhappq_asaq_al_2y,30,45141652,2031
cycling_dhappq_asaq_al_2y,31,44945496,2031
dhappq,0,52987924,2031
dhappq,1,52756232,2031
dhappq,2,51999536,2031
dhappq,3,52953956,2031
dhappq,4,51217824,2031
dhappq,5,51994064,2031
dhappq,6,53042196,2031
dhappq,7,51511492,2031
dhappq,8,52798504,2031
dhappq,9,52061896,2031
dhappq,10,52054856,2031
dhappq,11,52201360,2031
dhappq,12,53460816,2031
dhappq,13,52681196,2031
dhappq,14,51949436,2031
dhappq,15,52441392,2031
dhappq,16,53206716,2031
dhappq,17,52179996,2031
dhappq,18,51924992,2031
dhappq,19,53044912,2031
dhappq,20,52888184,2031
dhappq,21,52183904,2031
dhappq,22,53182232,2031
dhappq,23,51607388,2031
dhappq,24,52789992,2031
dhappq,25,52792952,2031
dhappq,26,51506760,2031
dhappq,27,52926356,2031
dhappq,28,52907172,2031
dhappq,29,52248308,2031
dhappq,30,51866920,2031
dhappq,31,52517920,2031
mft_al25_asaq75,0,43589900,2031
mft_al25_asaq75,1,42495348,2031
mft_al25_asaq75,2,43447760,2031
mft_al25_asaq75,3,43437500,2031
mft_al25_asaq75,4,42523896,2031
mft_al25_asaq75,5,43228296,2031
mft_al25_asaq75,6,43186860,2031
mft_al25_asaq75,7,42927004,2031
mft_al25_asaq75,8,42346104,2031
mft_al25_asaq75,9,42842724,2031
mft_al25_asaq75,10,43131896,2031
mft_al25_asaq75,11,42878212,2031
mft_al25_asaq75,12,42769624,2031
mft_al25_asaq75,13,43776388,2031
mft_al25_asaq75,14,43692716,2031
mft_al25_asaq75,15,42620548,2031
mft_al25_asaq75,16,42539312,2031
mft_al25_asaq75,17,42595240,2031
mft_al25_asaq75,18,42913968,2031
mft_al25_asaq75,19,41557976,2031
mft_al25_asaq75,20,43994076,2031
mft_al25_asaq75,21,41876080,2031
mft_al25_asaq75,22,42747616,2031
mft_al25_asaq75,23,41483396,2031
mft_al25_asaq75,24,41797752,2031
mft_al25_asaq75,25,43625288,2031
mft_al25_asaq75,26,43210084,2031
mft_al25_asaq75,27,44253964,2031
mft_al25_asaq75,28,41144692,2031
mft_al25_asaq75,29,43090932,2031
mft_al25_asaq75,30,42665772,2031
mft_al25_asaq75,31,42528504,2031
mft_al25_dhappq75,0,49387784,2031
mft_al25_dhappq75,1,49506304,2031
mft_al25_dhappq75,2,51043968,2031
mft_al25_dhappq75,3,48493332,2031
mft_al25_dhappq75,4,49565000,2031
mft_al25_dhappq75,5,49963304,2031
mft_al25_dhappq75,6,50653032,2031
mft_al25_dhappq75,7,50131560,2031
mft_al25_dhappq75,8,49959380,2031
mft_al25_dhappq75,9,50472260,2031
mft_al25_dhappq75,10,50210832,2031
mft_al25_dhappq75,11,49670780,2031
mft_al25_dhappq75,12,50372896,2031
mft_al25_dhappq75,13,48739840,2031
mft_al25_dhappq75,14,48795880,2031
mft_al25_dhappq75,15,50393172,2031
mft_al25_dhappq75,16,50479620,2031
mft_al25_dhappq75,17,50683992,2031
mft_al25_dhappq75,18,50768320,2031
mft_al25_dhappq75,19,49801968,2031
mft_al25_dhappq75,20,49390244,2031
mft_al25_dhappq75,21,50384996,2031
mft_al25_dhappq75,22,49583412,2031
mft_al25_dhappq75,23,51465300,2031
mft_al25_dhappq75,24,50249016,2031
mft_al25_dhappq75,25,50335664,2031
mft_al25_dhappq75,26,49489736,2031
mft_al25_dhappq75,27,49796668,2031
mft_al25_dhappq75,28,49443104,2031
mft_al25_dhappq75,29,50860524,2031
mft_al25_dhappq75,30,51355584,2031
mft_al25_dhappq75,31,50224156,2031
mft_al50_asaq50,0,48520636,2031
mft_al50_asaq50,1,46128800,2031
mft_al50_asaq50,2,48298756,2031
mft_al50_asaq50,3,48478368,2031
mft_al50_asaq50,4,46962076,2031
mft_al50_asaq50,5,46595720,2031
mft_al50_asaq50,6,46592472,2031
mft_al50_asaq50,7,48273496,2031
mft_al50_asaq50,8,47476812,2031
mft_al50_asaq50,9,47341512,2031
mft_al50_asaq50,10,47853428,2031
mft_al50_asaq50,11,47593552,2031
mft_al50_asaq50,12,47460820,2031
mft_al50_asaq50,13,46901296,2031
mft_al50_asaq50,14,48520744,2031
mft_al50_asaq50,15,50303612,2031
mft_al50_asaq50,16,50803040,2031
mft_al50_asaq50,17,47514088,2031
mft_al50_asaq50,18,49118356,2031
mft_al50_asaq50,19,49027924,2031
mft_al50_asaq50,20,50087584,2031
mft_al50_asaq50,21,48906988,2031
mft_al50_asaq50,22,49696848,2031
mft_al50_asaq50,23,47705548,2031
mft_al50_asaq50,24,47453740,2031
mft_al50_asaq50,25,48639444,2031
mft_al50_asaq50,26,48253048,2031
mft_al50_asaq50,27,47801468,2031
mft_al50_asaq50,28,47342192,2031
mft_al50_asaq50,29,48591908,2031
mft_al50_asaq50,30,47000104,2031
mft_al50_asaq50,31,49107656,2031
mft_al50_dhappq50,0,49656264,2031
mft_al50_dhappq50,1,51340680,2031
mft_al50_dhappq50,2,50090504,2031
mft_al50_dhappq50,3,50613404,2031
mft_al50_dhappq50,4,51323804,2031
mft_al50_dhappq50,5,50108384,2031
mft_al50_dhappq50,6,49603264,2031
mft_al50_dhappq50,7,50959744,2031
mft_al50_dhappq50,8,48752464,2031
mft_al50_dhappq50,9,51311624,2031
mft_al50_dhappq50,10,50702236,2031
mft_al50_dhappq50,11,50363484,2031
mft_al50_dhappq50,12,51985708,2031
mft_al50_dhappq50,13,49833276,2031
mft_al50_dhappq50,14,51048984,2031
mft_al50_dhappq50,15,51579376,2031
mft_al50_dhappq50,16,50731156,2031
mft_al50_dhappq50,17,50072572,2031
mft_al50_dhappq50,18,49520152,2031
mft_al50_dhappq50,19,50046144,2031
mft_al50_dhappq50,20,50669124,2031
mft_al50_dhappq50,21,50638036,2031
mft_al50_dhappq50,22,48978996,2031
mft_al50_dhappq50,23,49123444,2031
mft_al50_dhappq50,24,50162660,2031
mft_al50_dhappq50,25,49546192,2031
mft_al50_dhappq50,26,51305504,2031
mft_al50_dhappq50,27,51722064,2031
mft_al50_dhappq50,28,49589360,2031
mft_al50_dhappq50,29,50459044,2031
mft_al50_dhappq50,30,50112884,2031
mft_al50_dhappq50,31,50152284,2031
mft_al5_asaq_dhappq,0,41682696,2031
mft_al5_asaq_dhappq,1,43055960,2031
mft_al5_asaq_dhappq,2,43041780,2031
mft_al5_asaq_dhappq,3,42556284,2031
mft_al5_asaq_dhappq,4,41902956,2031
mft_al5_asaq_dhappq,5,41214120,2031
mft_al5_asaq_dhappq,6,42983712,2031
mft_al5_asaq_dhappq,7,40969940,2031
mft_al5_asaq_dhappq,8,42054616,2031
mft_al5_asaq_dhappq,9,41232960,2031
mft_al5_asaq_dhappq,10,43346044,2031
mft_al5_asaq_dhappq,11,43116464,2031
mft_al5_asaq_dhappq,12,42832980,2031
mft_al5_asaq_dhappq,13,41514232,2031
mft_al5_asaq_dhappq,14,42749660,2031
mft_al5_asaq_dhappq,15,42429980,2031
mft_al5_asaq_dhappq,16,42592276,2031
mft_al5_asaq_dhappq,17,42684380,2031
mft_al5_asaq_dhappq,18,43414400,2031
mft_al5_asaq_dhappq,19,43054108,2031
mft_al5_asaq_dhappq,20,43140988,2031
mft_al5_asaq_dhappq,21,42762884,2031
mft_al5_asaq_dhappq,22,41333084,2031
mft_al5_asaq_dhappq,23,43360880,2031
mft_al5_asaq_dhappq,24,43375688,2031
mft_al5_asaq_dhappq,25,42762424,2031
mft_al5_asaq_dhappq,26,41997244,2031
mft_al5_asaq_dhappq,27,42223032,2031
mft_al5_asaq_dhappq,28,41591248,2031
mft_al5_asaq_dhappq,29,43235320,2031
mft_al5_asaq_dhappq,30,41280804,2031
mft_al5_asaq_dhappq,31,42409340,2031
mft_al75_asaq25,0,54952388,2031
mft_al75_asaq25,1,55896572,2031
mft_al75_asaq25,2,54278584,2031
mft_al75_asaq25,3,53875352,2031
mft_al75_asaq25,4,53700700,2031
mft_al75_asaq25,5,54907512,2031
mft_al75_asaq25,6,53979380,2031
mft_al75_asaq25,7,54651592,2031
mft_al75_asaq25,8,54994584,2031
mft_al75_asaq25,9,55070800,2031
mft_al75_asaq25,10,53627736,2031
mft_al75_asaq25,11,52591920,2031
mft_al75_asaq25,12,52974904,2031
mft_al75_asaq25,13,56369224,2031
mft_al75_asaq25,14,54910060,2031
mft_al75_asaq25,15,53582196,2031
mft_al75_asaq25,16,53973196,2031
mft_al75_asaq25,17,54082604,2031
mft_al75_asaq25,18,53365148,2031
mft_al75_asaq25,19,54314216,2031
mft_al75_asaq25,20,54429816,2031
mft_al75_asaq25,21,55801636,2031
mft_al75_asaq25,22,54672496,2031
mft_al75_asaq25,23,52474832,2031
mft_al75_asaq25,24,55089968,2031
mft_al75_asaq25,25,53370492,2031
mft_al75_asaq25,26,52674644,2031
mft_al75_asaq25,27,53831320,2031
mft_al75_asaq25,28,53185144,2031
mft_al75_asaq25,29,54111532,2031
mft_al75_asaq25,30,53664852,2031
mft_al75_asaq25,31,52518292,2031
mft_al75_dhappq25,0,53230496,2031
mft_al75_dhappq25,1,54706912,2031
mft_al75_dhappq25,2,53035068,2031
mft_al75_dhappq25,3,53791492,2031
mft_al75_dhappq25,4,54935988,2031
mft_al75_dhappq25,5,55319200,2031
mft_al75_dhappq25,6,53511012,2031
mft_al75_dhappq25,7,52979188,2031
mft_al75_dhappq25,8,53045868,2031
mft_al75_dhappq25,9,53748104,2031
mft_al75_dhappq25,10,53968416,2031
mft_al75_dhappq25,11,54082856,2031
mft_al75_dhappq25,12,55001316,2031
mft_al75_dhappq25,13,54118556,2031
mft_al75_dhappq25,14,53736224,2031
mft_al75_dhappq25,15,55130252,2031
mft_al75_dhappq25,16,54591304,2031
mft_al75_dhappq25,17,52790544,2031
mft_al75_dhappq25,18,53730064,2031
mft_al75_dhappq25,19,53423524,2031
mft_al75_dhappq25,20,54417664,2031
mft_al75_dhappq25,21,54399004,2031
mft_al75_dhappq25,22,55117628,2031
mft_al75_dhappq25,23,53449156,2031
mft_al75_dhappq25,24,55535140,2031
mft_al75_dhappq25,25,52367016,2031
mft_al75_dhappq25,26,53792768,2031
mft_al75_dhappq25,27,55255408,2031
mft_al75_dhappq25,28,55334924,2031
mft_al75_dhappq25,29,53800472,2031
mft_al75_dhappq25,30,52979972,2031
mft_al75_dhappq25,31,57850316,2031
mft_al_asaq_dhappq,0,44223388,2031
mft_al_asaq_dhappq,1,44314080,2031
mft_al_asaq_dhappq,2,44440632,2031
mft_al_asaq_dhappq,3,43714476,2031
mft_al_asaq_dhappq,4,44315324,2031
mft_al_asaq_dhappq,5,46852040,2031
mft_al_asaq_dhappq,6,43822684,2031
mft_al_asaq_dhappq,7,45480692,2031
mft_al_asaq_dhappq,8,44279716,2031
mft_al_asaq_dhappq,9,45109120,2031
mft_al_asaq_dhappq,10,45008840,2031
mft_al_asaq_dhappq,11,44582840,2031
mft_al_asaq_dhappq,12,45144744,2031
mft_al_asaq_dhappq,13,45037524,2031
mft_al_asaq_dhappq,14,45026500,2031
mft_al_asaq_dhappq,15,44057572,2031
mft_al_asaq_dhappq,16,43664812,2031
mft_al_asaq_dhappq,17,44974772,2031
mft_al_asaq_dhappq,18,44809784,2031
mft_al_asaq_dhappq,19,44455200,2031
mft_al_asaq_dhappq,20,44157628,2031
mft_al_asaq_dhappq,21,43747436,2031
mft_al_asaq_dhappq,22,45579388,2031
mft_al_asaq_dhappq,23,46785048,2031
mft_al_asaq_dhappq,24,46110912,2031
mft_al_asaq_dhappq,25,43578204,2031
mft_al_asaq_dhappq,26,45549848,2031
mft_al_asaq_dhappq,27,45782944,2031
mft_al_asaq_dhappq,28,45086296,2031
mft_al_asaq_dhappq,29,44947748,2031
mft_al_asaq_dhappq,30,45208260,2031
mft_al_asaq_dhappq,31,45142128,2031
mft_asaq25_dhappq75,0,45360136,2031
mft_asaq25_dhappq75,1,44856256,2031
mft_asaq25_dhappq75,2,45371296,2031
mft_asaq25_dhappq75,3,45301604,2031
mft_asaq25_dhappq75,4,44828408,2031
mft_asaq25_dhappq75,5,45878532,2031
mft_asaq25_dhappq75,6,45791768,2031
mft_asaq25_dhappq75,7,45896380,2031
mft_asaq25_dhappq75,8,44482236,2031
mft_asaq25_dhappq75,9,45113636,2031
mft_asaq25_dhappq75,10,46486304,2031
mft_asaq25_dhappq75,11,47176188,2031
mft_asaq25_dhappq75,12,44142228,2031
mft_asaq25_dhappq75,13,45905828,2031
mft_asaq25_dhappq75,14,45157152,2031
mft_asaq25_dhappq75,15,47674620,2031
mft_asaq25_dhappq75,16,45561872,2031
mft_asaq25_dhappq75,17,45577616,2031
mft_asaq25_dhappq75,18,45914600,2031
mft_asaq25_dhappq75,19,44944032,2031
mft_asaq25_dhappq75,20,45464940,2031
mft_asaq25_dhappq75,21,46929620,2031
mft_asaq25_dhappq75,22,44466036,2031
mft_asaq25_dhappq75,23,44787064,2031
mft_asaq25_dhappq75,24,44236884,2031
mft_asaq25_dhappq75,25,44455220,2031
mft_asaq25_dhappq75,26,45398076,2031
mft_asaq25_dhappq75,27,45115256,2031
mft_asaq25_dhappq75,28,44605172,2031
mft_asaq25_dhappq75,29,46559744,2031
mft_asaq25_dhappq75,30,45336960,2031
mft_asaq25_dhappq75,31,46304656,2031
mft_asaq50_dhappq50,0,39874568,2031
mft_asaq50_dhappq50,1,39717952,2031
mft_asaq50_dhappq50,2,38742276,2031
mft_asaq50_dhappq50,3,38766156,2031
mft_asaq50_dhappq50,4,39699844,2031
mft_asaq50_dhappq50,5,39083636,2031
mft_asaq50_dhappq50,6,39092220,2031
mft_asaq50_dhappq50,7,39523056,2031
mft_asaq50_dhappq50,8,40068408,2031
mft_asaq50_dhappq50,9,39345916,2031
mft_asaq50_dhappq50,10,39788568,2031
mft_asaq50_dhappq50,11,39872360,2031
mft_asaq50_dhappq50,12,39695812,2031
mft_asaq50_dhappq50,13,39662004,2031
mft_asaq50_dhappq50,14,39756756,2031
mft_asaq50_dhappq50,15,38852824,2031
mft_asaq50_dhappq50,16,40520368,2031
mft_asaq50_dhappq50,17,38962568,2031
mft_asaq50_dhappq50,18,39417872,2031
mft_asaq50_dhappq50,19,39650776,2031
mft_asaq50_dhappq50,20,38821708,2031
mft_asaq50_dhappq50,21,39078604,2031
mft_asaq50_dhappq50,22,39093864,2031
mft_asaq50_dhappq50,23,40416264,2031
mft_asaq50_dhappq50,24,39663224,2031
mft_asaq50_dhappq50,25,40061136,2031
mft_asaq50_dhappq50,26,39296452,2031
mft_asaq50_dhappq50,27,39731712,2031
mft_asaq50_dhappq50,28,40201740,2031
mft_asaq50_dhappq50,29,39318236,2031
mft_asaq50_dhappq50,30,40487032,2031
mft_asaq50_dhappq50,31,39266220,2031
mft_asaq75_dhappq25,0,36889108,2031
mft_asaq75_dhappq25,1,37548244,2031
mft_asaq75_dhappq25,2,38389528,2031
mft_asaq75_dhappq25,3,38148244,2031
mft_asaq75_dhappq25,4,37569260,2031
mft_asaq75_dhappq25,5,38528172,2031
mft_asaq75_dhappq25,6,37288440,2031
mft_asaq75_dhappq25,7,36985280,2031
mft_asaq75_dhappq25,8,38358812,2031
mft_asaq75_dhappq25,9,37952008,2031
mft_asaq75_dhappq25,10,36916780,2031
mft_asaq75_dhappq25,11,37315984,2031
mft_asaq75_dhappq25,12,37010324,2031
mft_asaq75_dhappq25,13,36347304,2031
mft_asaq75_dhappq25,14,38059452,2031
mft_asaq75_dhappq25,15,36986088,2031
mft_asaq75_dhappq25,16,37570952,2031
mft_asaq75_dhappq25,17,36798084,2031
mft_asaq75_dhappq25,18,37750016,2031
mft_asaq75_dhappq25,19,36584244,2031
mft_asaq75_dhappq25,20,38136192,2031
mft_asaq75_dhappq25,21,37850092,2031
mft_asaq75_dhappq25,22,37122088,2031
mft_asaq75_dhappq25,23,37827856,2031
mft_asaq75_dhappq25,24,37016360,2031
mft_asaq75_dhappq25,25,35886368,2031
mft_asaq75_dhappq25,26,36457916,2031
mft_asaq75_dhappq25,27,39247444,2031
mft_asaq75_dhappq25,28,38590892,2031
mft_asaq75_dhappq25,29,39010640,2031
mft_asaq75_dhappq25,30,38211032,2031
mft_asaq75_dhappq25,31,37209496,2031
status_quo,0,59743220,2031
status_quo,1,58900060,2031
status_quo,2,58385072,2031
status_quo,3,58992944,2031
status_quo,4,59235360,2031
status_quo,5,61502548,2031
status_quo,6,58667340,2031
status_quo,7,60850108,2031
status_quo,8,59564804,2031
status_quo,9,59022444,2031
status_quo,10,59100428,2031
status_quo,11,60320736,2031
status_quo,12,63340880,2031
status_quo,13,60225516,2031
status_quo,14,60370428,2031
status_quo,15,59909984,2031
status_quo,16,61631668,2031
status_quo,17,59052656,2031
status_quo,18,58084508,2031
status_quo,19,59985828,2031
status_quo,20,59083908,2031
status_quo,21,58646336,2031
status_quo,22,61036556,2031
status_quo,23,59047876,2031
status_quo,24,59108872,2031
status_quo,25,60559572,2031
status_quo,26,58525396,2031
status_quo,27,57951680,2031
status_quo,28,57624732,2031
status_quo,29,59017456,2031
status_quo,30,58124016,2031
status_quo,31,62263860,2031
tact_al4y_alaq,0,52943336,2031
tact_al4y_alaq,1,51551916,2031
tact_al4y_alaq,2,53187620,2031
tact_al4y_alaq,3,49909552,2031
tact_al4y_alaq,4,51214992,2031
tact_al4y_alaq,5,50326932,2031
tact_al4y_alaq,6,51383732,2031
tact_al4y_alaq,7,50121556,2031
tact_al4y_alaq,8,52716756,2031
tact_al4y_alaq,9,50441232,2031
tact_al4y_alaq,10,50252896,2031
tact_al4y_alaq,11,49810132,2031
tact_al4y_alaq,12,50667736,2031
tact_al4y_alaq,13,50603240,2031
tact_al4y_alaq,14,51022188,2031
tact_al4y_alaq,15,52395416,2031
tact_al4y_alaq,16,50469744,2031
tact_al4y_alaq,17,51791464,2031
tact_al4y_alaq,18,51498464,2031
tact_al4y_alaq,19,51143368,2031
tact_al4y_alaq,20,50674892,2031
tact_al4y_alaq,21,49392556,2031
tact_al4y_alaq,22,52112828,2031
tact_al4y_alaq,23,50025752,2031
tact_al4y_alaq,24,52535132,2031
tact_al4y_alaq,25,49652456,2031
tact_al4y_alaq,26,51707404,2031
tact_al4y_alaq,27,49995480,2031
tact_al4y_alaq,28,51389760,2031
tact_al4y_alaq,29,48960552,2031
tact_al4y_alaq,30,50712928,2031
tact_al4y_alaq,31,53448636,2031
tact_al_asaq_alaq,0,43308396,2031
tact_al_asaq_alaq,1,44873468,2031
tact_al_asaq_alaq,2,42205532,2031
tact_al_asaq_alaq,3,42901676,2031
tact_al_asaq_alaq,4,42809800,2031
tact_al_asaq_alaq,5,43720668,2031
tact_al_asaq_alaq,6,41885480,2031
tact_al_asaq_alaq,7,43022548,2031
tact_al_asaq_alaq,8,44425220,2031
tact_al_asaq_alaq,9,41709744,2031
tact_al_asaq_alaq,10,43600352,2031
tact_al_asaq_alaq,11,42680924,2031
tact_al_asaq_alaq,12,41673124,2031
tact_al_asaq_alaq,13,42851764,2031
tact_al_asaq_alaq,14,42644688,2031
tact_al_asaq_alaq,15,43642832,2031
tact_al_asaq_alaq,16,43160576,2031
tact_al_asaq_alaq,17,43976708,2031
tact_al_asaq_alaq,18,43216760,2031
tact_al_asaq_alaq,19,41727900,2031
tact_al_asaq_alaq,20,42119044,2031
tact_al_asaq_alaq,21,43759388,2031
tact_al_asaq_alaq,22,42800240,2031
tact_al_asaq_alaq,23,44117660,2031
tact_al_asaq_alaq,24,44303028,2031
tact_al_asaq_alaq,25,42053840,2031
tact_al_asaq_alaq,26,42987832,2031
tact_al_asaq_alaq,27,43255796,2031
tact_al_asaq_alaq,28,41690268,2031
tact_al_asaq_alaq,29,42899684,2031
tact_al_asaq_alaq,30,44412624,2031
tact_al_asaq_alaq,31,45059204,2031
tact_al_dhappq_alaq,0,42103304,2031
tact_al_dhappq_alaq,1,41906004,2031
tact_al_dhappq_alaq,2,44636112,2031
tact_al_dhappq_alaq,3,44002696,2031
tact_al_dhappq_alaq,4,43750732,2031
tact_al_dhappq_alaq,5,41848788,2031
tact_al_dhappq_alaq,6,44238420,2031
tact_al_dhappq_alaq,7,42182968,2031
tact_al_dhappq_alaq,8,42723264,2031
tact_al_dhappq_alaq,9,43668012,2031
tact_al_dhappq_alaq,10,41896160,2031
tact_al_dhappq_alaq,11,42834328,2031
tact_al_dhappq_alaq,12,44116472,2031
tact_al_dhappq_alaq,13,42767748,2031
tact_al_dhappq_alaq,14,42742420,2031
tact_al_dhappq_alaq,15,44433396,2031
tact_al_dhappq_alaq,16,45680872,2031
tact_al_dhappq_alaq,17,42944020,2031
tact_al_dhappq_alaq,18,41682392,2031
tact_al_dhappq_alaq,19,44415136,2031
tact_al_dhappq_alaq,20,44380396,2031
tact_al_dhappq_alaq,21,46081724,2031
tact_al_dhappq_alaq,22,42023332,2031
tact_al_dhappq_alaq,23,44173212,2031
tact_al_dhappq_alaq,24,43651992,2031
tact_al_dhappq_alaq,25,42286980,2031
tact_al_dhappq_alaq,26,44197796,2031
tact_al_dhappq_alaq,27,43826112,2031
tact_al_dhappq_alaq,28,42258232,2031
tact_al_dhappq_alaq,29,42093372,2031
tact_al_dhappq_alaq,30,42722296,2031
tact_al_dhappq_alaq,31,41897320,2031
tact_alaq,0,33179872,2031
tact_alaq,1,34379312,2031
tact_alaq,2,34576212,2031
tact_alaq,3,34711672,2031
tact_alaq,4,34351600,2031
tact_alaq,5,33831756,2031
tact_alaq,6,34687904,2031
tact_alaq,7,34263112,2031
tact_alaq,8,34867612,2031
tact_alaq,9,35188092,2031
tact_alaq,10,33838936,2031
tact_alaq,11,34384372,2031
tact_alaq,12,35875276,2031
tact_alaq,13,35667960,2031
tact_alaq,14,35339060,2031
tact_alaq,15,34083884,2031
tact_alaq,16,34437372,2031
tact_alaq,17,36709872,2031
tact_alaq,18,35163932,2031
tact_alaq,19,33043844,2031
tact_alaq,20,34701524,2031
tact_alaq,21,36073764,2031
tact_alaq,22,35371852,2031
tact_alaq,23,33613928,2031
tact_alaq,24,33814816,2031
tact_alaq,25,34703200,2031
tact_alaq,26,33856152,2031
tact_alaq,27,33825316,2031
tact_alaq,28,33898244,2031
tact_alaq,29,33796116,2031
tact_alaq,30,33524468,2031
tact_alaq,31,35071964,2031
tact_asaq4y_alaq,0,36526560,2031
tact_asaq4y_alaq,1,36344040,2031
tact_asaq4y_alaq,2,37525992,2031
tact_asaq4y_alaq,3,36289796,2031
tact_asaq4y_alaq,4,37594320,2031
tact_asaq4y_alaq,5,35869772,2031
tact_asaq4y_alaq,6,35404596,2031
tact_asaq4y_alaq,7,35977628,2031
tact_asaq4y_alaq,8,36884188,2031
tact_asaq4y_alaq,9,36245068,2031
tact_asaq4y_alaq,10,36459960,2031
tact_asaq4y_alaq,11,36792976,2031
tact_asaq4y_alaq,12,35765284,2031
tact_asaq4y_alaq,13,37073548,2031
tact_asaq4y_alaq,14,36790144,2031
tact_asaq4y_alaq,15,35680952,2031
tact_asaq4y_alaq,16,36235780,2031
tact_asaq4y_alaq,17,35515032,2031
tact_asaq4y_alaq,18,36180056,2031
tact_asaq4y_alaq,19,35518388,2031
tact_asaq4y_alaq,20,36563264,2031
tact_asaq4y_alaq,21,36205812,2031
tact_asaq4y_alaq,22,36094156,2031
tact_asaq4y_alaq,23,35948692,2031
tact_asaq4y_alaq,24,36284356,2031
tact_asaq4y_alaq,25,35929972,2031
tact_asaq4y_alaq,26,36550088,2031
tact_asaq4y_alaq,27,35691492,2031
tact_asaq4y_alaq,28,35963248,2031
tact_asaq4y_alaq,29,35644024,2031
tact_asaq4y_alaq,30,37311584,2031
tact_asaq4y_alaq,31,35603536,2031
tact_asaq_al_alaq,0,44264792,2031
tact_asaq_al_alaq,1,43693292,2031
tact_asaq_al_alaq,2,45776828,2031
tact_asaq_al_alaq,3,44400132,2031
tact_asaq_al_alaq,4,44373224,2031
tact_asaq_al_alaq,5,42983788,2031
tact_asaq_al_alaq,6,43931868,2031
tact_asaq_al_alaq,7,43507520,2031
tact_asaq_al_alaq,8,46800600,2031
tact_asaq_al_alaq,9,42848900,2031
tact_asaq_al_alaq,10,41889644,2031
tact_asaq_al_alaq,11,44016912,2031
tact_asaq_al_alaq,12,43569476,2031
tact_asaq_al_alaq,13,42918780,2031
tact_asaq_al_alaq,14,44253976,2031
tact_asaq_al_alaq,15,42240300,2031
tact_asaq_al_alaq,16,44194832,2031
tact_asaq_al_alaq,17,44113916,2031
tact_asaq_al_alaq,18,43465060,2031
tact_asaq_al_alaq,19,44289492,2031
tact_asaq_al_alaq,20,46379872,2031
tact_asaq_al_alaq,21,44003352,2031
tact_asaq_al_alaq,22,42252196,2031
tact_asaq_al_alaq,23,42593680,2031
tact_asaq_al_alaq,24,44001116,2031
tact_asaq_al_alaq,25,42275744,2031
tact_asaq_al_alaq,26,43022024,2031
tact_asaq_al_alaq,27,43280840,2031
tact_asaq_al_alaq,28,44346432,2031
tact_asaq_al_alaq,29,44746676,2031
tact_asaq_al_alaq,30,42898852,2031
tact_asaq_al_alaq,31,43804500,2031
tact_asaq_dhappq_alaq,0,36999292,2031
tact_asaq_dhappq_alaq,1,38028268,2031
tact_asaq_dhappq_alaq,2,36510964,2031
tact_asaq_dhappq_alaq,3,35190356,2031
tact_asaq_dhappq_alaq,4,37476308,2031
tact_asaq_dhappq_alaq,5,36529960,2031
tact_asaq_dhappq_alaq,6,36386656,2031
tact_asaq_dhappq_alaq,7,36173156,2031
tact_asaq_dhappq_alaq,8,37785172,2031
tact_asaq_dhappq_alaq,9,35953048,2031
tact_asaq_dhappq_alaq,10,35931384,2031
tact_asaq_dhappq_alaq,11,36746672,2031
tact_asaq_dhappq_alaq,12,36820052,2031
tact_asaq_dhappq_alaq,13,34869920,2031
tact_asaq_dhappq_alaq,14,36704656,2031
tact_asaq_dhappq_alaq,15,36895056,2031
tact_asaq_dhappq_alaq,16,35949264,2031
tact_asaq_dhappq_alaq,17,36203480,2031
tact_asaq_dhappq_alaq,18,36895348,2031
tact_asaq_dhappq_alaq,19,37839760,2031
tact_asaq_dhappq_alaq,20,35918636,2031
tact_asaq_dhappq_alaq,21,36998868,2031
tact_asaq_dhappq_alaq,22,37978708,2031
tact_asaq_dhappq_alaq,23,36852640,2031
tact_asaq_dhappq_alaq,24,35199208,2031
tact_asaq_dhappq_alaq,25,36844872,2031
tact_asaq_dhappq_alaq,26,37287632,2031
tact_asaq_dhappq_alaq,27,35595876,2031
tact_asaq_dhappq_alaq,28,35544312,2031
tact_asaq_dhappq_alaq,29,37352108,2031
tact_asaq_dhappq_alaq,30,36486700,2031
tact_asaq_dhappq_alaq,31,36468048,2031
tact_dhappq4y_alaq,0,40843256,2031
tact_dhappq4y_alaq,1,41222120,2031
tact_dhappq4y_alaq,2,40659804,2031
tact_dhappq4y_alaq,3,41334572,2031
tact_dhappq4y_alaq,4,40476764,2031
tact_dhappq4y_alaq,5,40929124,2031
tact_dhappq4y_alaq,6,39695564,2031
tact_dhappq4y_alaq,7,40566464,2031
tact_dhappq4y_alaq,8,40263528,2031
tact_dhappq4y_alaq,9,39878348,2031
tact_dhappq4y_alaq,10,40944368,2031
tact_dhappq4y_alaq,11,40114572,2031
tact_dhappq4y_alaq,12,42349316,2031
tact_dhappq4y_alaq,13,40902332,2031
tact_dhappq4y_alaq,14,41304004,2031
tact_dhappq4y_alaq,15,41517260,2031
tact_dhappq4y_alaq,16,39669640,2031
tact_dhappq4y_alaq,17,41301640,2031
tact_dhappq4y_alaq,18,41692508,2031
tact_dhappq4y_alaq,19,39570572,2031
tact_dhappq4y_alaq,20,40659440,2031
tact_dhappq4y_alaq,21,43395296,2031
tact_dhappq4y_alaq,22,43159556,2031
tact_dhappq4y_alaq,23,39832932,2031
tact_dhappq4y_alaq,24,40957288,2031
tact_dhappq4y_alaq,25,41073264,2031
tact_dhappq4y_alaq,26,42622548,2031
tact_dhappq4y_alaq,27,41420596,2031
tact_dhappq4y_alaq,28,43556716,2031
tact_dhappq4y_alaq,29,41727472,2031
tact_dhappq4y_alaq,30,40796724,2031
tact_dhappq4y_alaq,31,40394428,2031
tact_dhappq_al_alaq,0,44022820,2031
tact_dhappq_al_alaq,1,44830268,2031
tact_dhappq_al_alaq,2,44302000,2031
tact_dhappq_al_alaq,3,42314232,2031
tact_dhappq_al_alaq,4,44447472,2031
tact_dhappq_al_alaq,5,42200652,2031
tact_dhappq_al_alaq,6,42915960,2031
tact_dhappq_al_alaq,7,43490752,2031
tact_dhappq_al_alaq,8,44526568,2031
tact_dhappq_al_alaq,9,43734256,2031
tact_dhappq_al_alaq,10,43270856,2031
tact_dhappq_al_alaq,11,43634452,2031
tact_dhappq_al_alaq,12,44031764,2031
tact_dhappq_al_alaq,13,45894860,2031
tact_dhappq_al_alaq,14,44299228,2031
tact_dhappq_al_alaq,15,44598596,2031
tact_dhappq_al_alaq,16,44580128,2031
tact_dhappq_al_alaq,17,42412108,2031
tact_dhappq_al_alaq,18,46864844,2031
tact_dhappq_al_alaq,19,46008028,2031
tact_dhappq_al_alaq,20,45806376,2031
tact_dhappq_al_alaq,21,42707004,2031
tact_dhappq_al_alaq,22,44200168,2031
tact_dhappq_al_alaq,23,44111068,2031
tact_dhappq_al_alaq,24,43810756,2031
tact_dhappq_al_alaq,25,44526480,2031
tact_dhappq_al_alaq,26,43441352,2031
tact_dhappq_al_alaq,27,44674304,2031
tact_dhappq_al_alaq,28,42679216,2031
tact_dhappq_al_alaq,29,44000220,2031
tact_dhappq_al_alaq,30,43312208,2031
tact_dhappq_al_alaq,31,43664556,2031
tact_dhappq_asaq_alaq,0,36506572,2031
tact_dhappq_asaq_alaq,1,35932444,2031
tact_dhappq_asaq_alaq,2,35991996,2031
tact_dhappq_asaq_alaq,3,36476976,2031
tact_dhappq_asaq_alaq,4,36541996,2031
tact_dhappq_asaq_alaq,5,37404600,2031
tact_dhappq_asaq_alaq,6,36550748,2031
tact_dhappq_asaq_alaq,7,37303120,2031
tact_dhappq_asaq_alaq,8,36351828,2031
tact_dhappq_asaq_alaq,9,35592576,2031
tact_dhappq_asaq_alaq,10,37450248,2031
tact_dhappq_asaq_alaq,11,37385384,2031
tact_dhappq_asaq_alaq,12,37423464,2031
tact_dhappq_asaq_alaq,13,36610024,2031
tact_dhappq_asaq_alaq,14,36803056,2031
tact_dhappq_asaq_alaq,15,35985784,2031
tact_dhappq_asaq_alaq,16,35931716,2031
tact_dhappq_asaq_alaq,17,35843952,2031
tact_dhappq_asaq_alaq,18,36468584,2031
tact_dhappq_asaq_alaq,19,35879816,2031
tact_dhappq_asaq_alaq,20,36843112,2031
tact_dhappq_asaq_alaq,21,36923128,2031
tact_dhappq_asaq_alaq,22,36645204,2031
tact_dhappq_asaq_alaq,23,36305068,2031
tact_dhappq_asaq_alaq,24,36301048,2031
tact_dhappq_asaq_alaq,25,36033176,2031
tact_dhappq_asaq_alaq,26,35911676,2031
tact_dhappq_asaq_alaq,27,37486940,2031
tact_dhappq_asaq_alaq,28,37794896,2031
tact_dhappq_asaq_alaq,29,35723060,2031
tact_dhappq_asaq_alaq,30,37018004,2031
tact_dhappq_asaq_alaq,31,36013216,2031
